{"mx": 543.4509968681228, "mn": 517.388635779524}